datetime,count
2011-10-18 03:00:00,2.43
2011-08-17 21:00:00,225.71
2012-11-11 11:00:00,508.79
2011-05-12 16:00:00,293.04
2011-05-04 15:00:00,130.55
2012-11-11 03:00:00,40.17
2012-10-14 03:00:00,28.11
2012-12-16 03:00:00,26.37
2012-01-11 06:00:00,74.63
2011-04-05 00:00:00,27.68
2012-01-04 09:00:00,180.84
2011-04-10 09:00:00,81.26
2012-02-19 00:00:00,73.84
2011-01-04 14:00:00,67.16
2012-04-08 10:00:00,331.05
2012-09-12 03:00:00,7.26
2011-01-06 02:00:00,2.42
2011-09-08 06:00:00,63.33
2011-01-04 00:00:00,9.68
2012-08-14 13:00:00,284.03
2012-07-16 15:00:00,252.17
2012-10-10 18:00:00,841.18
2011-11-19 23:00:00,90.4
2012-09-08 18:00:00,208.15
2011-04-14 03:00:00,3.28
2012-12-02 20:00:00,151.43
2011-09-17 16:00:00,313.11
2012-09-05 22:00:00,243.45
2012-07-04 14:00:00,530.3
2011-09-06 08:00:00,306.0
2012-03-13 00:00:00,28.1
2011-11-02 07:00:00,263.49
2011-10-07 12:00:00,251.39
2012-07-03 12:00:00,272.96
2011-10-01 22:00:00,80.33
2011-01-13 17:00:00,156.66
2011-04-18 04:00:00,5.07
2011-08-10 12:00:00,183.0
2011-12-10 00:00:00,71.81
2011-10-07 20:00:00,209.52
2011-12-17 22:00:00,82.36
2012-02-15 01:00:00,10.18
2012-05-08 20:00:00,312.32
2012-08-06 11:00:00,220.15
2011-09-09 16:00:00,308.94
2012-05-13 04:00:00,10.08
2011-12-06 10:00:00,48.75
2012-11-08 20:00:00,255.12
2011-09-11 13:00:00,366.75
2011-08-01 07:00:00,289.36
2011-02-02 12:00:00,61.92
2012-10-07 05:00:00,10.54
2012-12-07 04:00:00,9.53
2012-08-13 12:00:00,277.93
2011-12-05 13:00:00,163.75
2012-01-19 18:00:00,356.03
2012-09-06 16:00:00,427.97
2011-02-02 21:00:00,62.06
2011-03-05 09:00:00,68.11
2011-02-13 13:00:00,152.42
2012-12-19 08:00:00,652.19
2011-02-02 05:00:00,4.09
2012-05-14 14:00:00,176.12
2012-07-18 07:00:00,490.3
2012-10-15 05:00:00,45.33
2012-10-09 00:00:00,29.93
2012-09-07 00:00:00,87.95
2012-01-02 11:00:00,169.12
2012-05-08 11:00:00,217.39
2011-10-04 19:00:00,326.66
2012-02-02 12:00:00,152.78
2011-02-07 10:00:00,57.58
2012-07-01 05:00:00,10.64
2011-02-19 06:00:00,6.97
2011-10-10 04:00:00,8.22
2011-12-07 16:00:00,67.4
2012-11-10 06:00:00,19.06
2011-10-08 06:00:00,20.08
2012-12-03 00:00:00,30.24
2012-12-02 06:00:00,15.67
2011-05-14 19:00:00,196.03
2011-06-17 11:00:00,180.28
2011-07-18 00:00:00,46.27
2011-04-11 19:00:00,297.29
2011-09-04 22:00:00,156.07
2011-03-07 04:00:00,1.16
2012-12-14 04:00:00,9.79
2012-03-13 05:00:00,24.15
2011-05-03 23:00:00,67.25
2012-05-07 02:00:00,7.88
2012-06-15 15:00:00,381.23
2011-10-09 17:00:00,353.38
2012-11-09 20:00:00,244.66
2012-04-04 00:00:00,40.19
2012-05-16 01:00:00,19.31
2012-09-19 19:00:00,589.99
2012-06-04 07:00:00,498.01
2012-12-07 19:00:00,351.52
2011-09-15 05:00:00,28.24
2011-02-07 20:00:00,86.94
2011-07-15 00:00:00,73.23
2011-05-15 03:00:00,31.54
2012-06-09 16:00:00,529.24
2012-03-05 21:00:00,113.9
2011-06-08 23:00:00,111.91
2011-12-18 03:00:00,18.67
2012-02-03 13:00:00,212.2
2011-02-12 04:00:00,3.64
2012-02-15 07:00:00,299.14
2011-08-15 05:00:00,19.23
2011-01-13 20:00:00,63.08
2011-08-16 17:00:00,553.9
2011-04-18 02:00:00,13.3
2011-05-02 11:00:00,136.95
2011-08-13 21:00:00,157.83
2012-04-15 19:00:00,435.64
2011-01-07 21:00:00,50.11
2012-12-13 02:00:00,8.75
2011-02-07 15:00:00,63.42
2011-12-15 03:00:00,4.01
2012-04-12 07:00:00,333.97
2012-07-15 02:00:00,102.08
2011-03-11 20:00:00,75.78
2011-12-11 20:00:00,85.43
2012-11-03 11:00:00,414.42
2012-11-07 14:00:00,172.01
2011-05-04 07:00:00,65.55
2011-08-15 10:00:00,121.53
2011-12-09 00:00:00,40.43
2011-04-17 03:00:00,23.69
2011-06-16 04:00:00,5.5
2011-05-14 03:00:00,27.95
2012-11-17 06:00:00,18.02
2012-12-01 08:00:00,134.53
2011-08-07 05:00:00,6.31
2011-04-16 02:00:00,33.0
2011-08-14 05:00:00,9.77
2011-07-01 03:00:00,10.32
2012-07-10 07:00:00,512.29
2012-01-07 20:00:00,184.57
2012-01-15 20:00:00,94.32
2011-11-05 17:00:00,305.52
2011-03-01 06:00:00,42.71
2012-09-15 06:00:00,35.74
2011-06-16 19:00:00,275.06
2012-12-03 03:00:00,7.42
2011-11-04 06:00:00,72.46
2011-12-12 17:00:00,350.34
2012-07-10 05:00:00,40.51
2012-11-15 02:00:00,7.23
2012-07-18 14:00:00,181.93
2011-03-14 22:00:00,45.99
2012-11-19 08:00:00,657.81
2012-10-05 14:00:00,448.32
2011-10-07 16:00:00,399.32
2012-08-17 19:00:00,482.88
2011-08-19 05:00:00,18.99
2011-11-19 05:00:00,3.45
2011-12-16 15:00:00,151.54
2011-03-07 08:00:00,213.22
2011-02-05 16:00:00,66.88
2011-04-11 10:00:00,103.89
2012-10-06 11:00:00,590.24
2012-02-14 00:00:00,16.39
2012-12-04 17:00:00,763.85
2012-06-07 18:00:00,815.54
2011-05-18 18:00:00,486.34
2011-06-15 19:00:00,409.51
2012-11-03 16:00:00,411.93
2012-01-18 06:00:00,84.74
2011-12-12 22:00:00,81.83
2011-08-03 18:00:00,434.12
2012-08-06 21:00:00,301.67
2011-09-08 07:00:00,169.59
2012-07-14 12:00:00,507.67
2012-10-16 22:00:00,172.48
2011-03-15 08:00:00,265.52
2012-08-16 05:00:00,38.65
2012-09-16 09:00:00,289.24
2011-06-03 06:00:00,101.49
2012-06-01 04:00:00,6.23
2012-11-18 00:00:00,121.77
2012-12-01 09:00:00,194.73
2011-03-07 07:00:00,96.18
2011-08-14 15:00:00,372.47
2012-02-10 11:00:00,158.14
2011-12-10 15:00:00,292.34
2012-12-10 09:00:00,333.5
2012-01-10 06:00:00,76.38
2012-12-13 15:00:00,250.39
2011-09-15 21:00:00,146.65
2012-08-12 20:00:00,310.65
2012-05-08 09:00:00,309.82
2011-12-15 23:00:00,81.7
2012-12-18 12:00:00,278.05
2012-11-18 20:00:00,141.72
2012-11-06 04:00:00,7.09
2012-06-19 02:00:00,12.44
2012-11-02 02:00:00,11.49
2012-01-12 05:00:00,17.02
2011-11-09 19:00:00,291.18
2011-12-06 02:00:00,3.86
2011-03-13 09:00:00,61.74
2012-05-06 03:00:00,31.71
2011-12-16 11:00:00,143.6
2012-01-06 09:00:00,227.71
2012-02-05 22:00:00,159.11
2011-09-04 15:00:00,399.2
2012-07-01 02:00:00,73.36
2012-01-03 14:00:00,81.74
2012-03-11 03:00:00,47.68
2012-09-18 04:00:00,7.32
2011-06-19 14:00:00,305.22
2012-05-14 22:00:00,142.27
2012-02-14 02:00:00,3.44
2011-10-01 13:00:00,147.22
2011-04-06 13:00:00,125.51
2011-07-11 19:00:00,372.34
2012-07-18 05:00:00,38.14
2012-11-01 07:00:00,402.69
2012-11-12 14:00:00,433.13
2012-11-10 15:00:00,591.86
2012-11-18 03:00:00,24.92
2011-10-17 02:00:00,12.29
2011-03-02 17:00:00,274.44
2011-04-08 19:00:00,71.8
2011-03-10 14:00:00,25.7
2011-12-14 12:00:00,143.86
2012-06-12 01:00:00,16.56
2011-10-09 15:00:00,426.75
2012-05-02 00:00:00,50.34
2012-11-03 08:00:00,140.25
2012-12-05 22:00:00,129.59
2012-10-10 17:00:00,914.54
2012-02-16 15:00:00,84.56
2011-05-12 18:00:00,505.01
2012-01-02 07:00:00,26.41
2012-11-19 14:00:00,240.41
2012-09-08 13:00:00,612.05
2012-01-15 15:00:00,202.97
2011-04-09 14:00:00,204.81
2012-05-19 16:00:00,538.09
2012-06-18 17:00:00,704.1
2012-04-15 16:00:00,605.28
2011-05-06 00:00:00,55.98
2012-11-15 11:00:00,166.96
2012-01-16 10:00:00,135.4
2012-02-07 06:00:00,80.0
2012-10-18 20:00:00,350.85
2012-04-05 00:00:00,48.88
2012-05-15 16:00:00,375.18
2012-11-09 06:00:00,130.98
2011-11-16 00:00:00,30.77
2012-08-14 07:00:00,479.87
2012-01-03 10:00:00,69.98
2011-01-16 18:00:00,74.31
2012-03-13 17:00:00,695.68
2011-11-11 17:00:00,287.79
2011-01-08 16:00:00,79.85
2012-01-11 03:00:00,3.56
2011-12-10 23:00:00,69.1
2011-04-04 10:00:00,97.89
2011-12-16 16:00:00,217.53
2011-02-07 00:00:00,13.02
2011-07-04 09:00:00,206.18
2011-02-03 06:00:00,37.89
2011-09-10 08:00:00,113.54
2012-08-10 12:00:00,310.49
2011-04-02 19:00:00,147.06
2012-04-05 11:00:00,249.19
2011-01-13 02:00:00,3.03
2012-02-01 07:00:00,244.99
2012-12-11 00:00:00,28.59
2012-06-18 01:00:00,15.03
2011-12-09 01:00:00,17.2
2011-07-10 18:00:00,363.56
2011-11-03 02:00:00,7.25
2011-02-19 08:00:00,48.22
2012-06-19 01:00:00,14.49
2012-02-04 12:00:00,285.04
2012-07-14 18:00:00,376.08
2012-06-05 04:00:00,5.51
2012-03-09 22:00:00,109.34
2012-07-09 15:00:00,272.95
2011-02-03 14:00:00,51.67
2011-05-01 11:00:00,246.53
2011-06-16 11:00:00,151.76
2011-09-11 11:00:00,384.09
2011-10-12 14:00:00,68.16
2012-05-06 14:00:00,526.18
2011-06-05 02:00:00,63.48
2011-12-05 15:00:00,151.83
2011-12-01 09:00:00,224.51
2011-10-03 08:00:00,383.24
2011-07-11 04:00:00,5.05
2011-07-05 09:00:00,216.29
2011-11-15 07:00:00,322.36
2011-09-06 02:00:00,3.5
2012-02-06 13:00:00,150.71
2011-06-04 12:00:00,415.8
2012-01-18 22:00:00,78.94
2011-03-10 18:00:00,99.62
2012-02-11 02:00:00,32.1
2011-02-10 12:00:00,62.97
2011-11-14 14:00:00,177.65
2012-04-11 00:00:00,22.18
2011-07-08 04:00:00,5.86
2011-03-14 05:00:00,9.21
2011-04-05 06:00:00,43.96
2011-03-12 21:00:00,78.46
2012-07-12 01:00:00,24.06
2011-06-18 19:00:00,333.47
2011-11-11 03:00:00,7.19
2012-12-10 10:00:00,155.16
2011-02-08 03:00:00,2.36
2011-11-08 15:00:00,186.81
2012-02-13 09:00:00,155.03
2012-05-15 00:00:00,32.46
2012-10-06 12:00:00,710.49
2011-05-03 08:00:00,448.18
2012-08-02 07:00:00,479.88
2011-05-09 15:00:00,190.33
2011-04-18 10:00:00,113.34
2012-02-01 11:00:00,143.09
2011-06-02 13:00:00,198.17
2011-11-14 17:00:00,537.02
2012-01-17 02:00:00,9.13
2011-07-04 13:00:00,426.42
2011-01-12 08:00:00,145.77
2012-11-06 22:00:00,143.13
2011-01-03 01:00:00,2.34
2011-11-01 02:00:00,5.21
2012-11-06 19:00:00,379.23
2011-12-14 21:00:00,146.99
2011-04-04 20:00:00,188.1
2012-10-06 14:00:00,595.86
2011-06-15 18:00:00,566.08
2011-02-11 21:00:00,50.46
2012-07-18 11:00:00,200.39
2011-09-03 04:00:00,8.07
2012-11-03 19:00:00,244.28
2012-09-01 09:00:00,260.26
2011-10-19 12:00:00,126.65
2012-11-05 03:00:00,4.06
2011-06-09 15:00:00,116.06
2011-09-13 12:00:00,191.46
2011-06-17 20:00:00,226.56
2012-10-17 06:00:00,171.38
2011-03-05 21:00:00,72.39
2012-09-07 10:00:00,226.13
2012-04-14 22:00:00,210.89
2011-06-11 03:00:00,29.09
2012-09-06 04:00:00,8.47
2012-09-01 14:00:00,515.1
2011-08-12 08:00:00,430.76
2011-09-09 14:00:00,159.43
2011-08-10 14:00:00,177.11
2011-08-15 17:00:00,546.52
2012-03-13 08:00:00,596.23
2012-02-06 11:00:00,116.72
2011-09-11 14:00:00,352.71
2012-05-04 19:00:00,464.12
2011-04-03 09:00:00,119.79
2011-06-11 17:00:00,339.79
2012-12-10 16:00:00,355.14
2011-07-13 11:00:00,156.76
2011-02-03 12:00:00,62.54
2012-05-18 02:00:00,21.27
2012-03-02 09:00:00,301.06
2012-02-14 21:00:00,155.6
2011-03-01 12:00:00,84.02
2011-05-03 16:00:00,283.54
2011-06-10 22:00:00,178.83
2012-12-10 21:00:00,205.41
2012-04-17 18:00:00,772.75
2012-11-10 02:00:00,51.6
2012-07-11 23:00:00,151.68
2011-08-12 10:00:00,162.58
2012-08-13 16:00:00,456.69
2011-05-16 19:00:00,311.33
2012-07-19 22:00:00,123.53
2011-01-05 07:00:00,89.16
2011-04-13 01:00:00,2.92
2012-05-04 22:00:00,229.29
2012-06-17 20:00:00,321.26
2012-05-11 13:00:00,362.43
2011-02-11 22:00:00,41.9
2011-10-14 14:00:00,181.94
2011-01-15 07:00:00,15.15
2012-10-02 07:00:00,256.33
2012-11-12 04:00:00,5.87
2012-08-02 23:00:00,171.92
2012-01-11 22:00:00,64.03
2011-06-15 10:00:00,133.64
2011-05-16 05:00:00,23.97
2011-05-02 01:00:00,65.58
2011-06-03 15:00:00,229.06
2012-05-05 18:00:00,453.4
2011-04-03 01:00:00,33.85
2012-02-07 05:00:00,17.77
2011-11-14 13:00:00,190.91
2011-04-08 17:00:00,103.01
2011-12-16 08:00:00,439.62
2011-08-19 23:00:00,109.3
2012-12-04 22:00:00,173.04
2012-11-01 14:00:00,201.57
2011-02-18 14:00:00,185.45
2011-04-12 21:00:00,96.78
2011-02-11 20:00:00,69.12
2011-08-09 03:00:00,4.15
2012-11-11 17:00:00,501.37
2012-05-13 11:00:00,458.28
2012-10-13 18:00:00,446.71
2012-10-01 16:00:00,460.35
2012-10-04 12:00:00,297.28
2011-08-10 16:00:00,283.9
2012-07-07 17:00:00,304.05
2012-09-02 21:00:00,188.56
2012-02-16 10:00:00,79.24
2012-06-08 06:00:00,141.06
2012-10-12 20:00:00,310.07
2011-07-18 13:00:00,154.36
2011-01-11 08:00:00,199.24
2011-09-14 17:00:00,581.7
2012-11-15 15:00:00,218.91
2011-06-06 05:00:00,28.27
2011-08-17 19:00:00,362.39
2012-06-05 11:00:00,229.81
2012-11-18 04:00:00,11.5
2011-03-02 14:00:00,110.75
2011-12-13 06:00:00,87.68
2011-05-16 13:00:00,211.19
2012-02-11 21:00:00,64.41
2011-06-19 17:00:00,393.19
2011-09-09 13:00:00,142.88
2011-01-08 18:00:00,56.91
2011-12-12 03:00:00,2.42
2012-08-11 17:00:00,484.16
2012-08-14 18:00:00,841.87
2012-06-15 12:00:00,395.46
2012-07-15 21:00:00,219.43
2011-01-01 00:00:00,20.45
2011-06-02 12:00:00,196.42
2012-12-19 04:00:00,6.82
2011-02-03 03:00:00,1.16
2012-04-04 15:00:00,267.87
2011-03-13 19:00:00,102.72
2012-01-01 00:00:00,59.05
2012-08-02 08:00:00,718.66
2012-08-04 22:00:00,216.47
2011-11-15 00:00:00,29.02
2012-09-06 23:00:00,165.2
2011-09-13 13:00:00,189.1
2012-06-06 20:00:00,390.53
2012-11-15 14:00:00,206.75
2011-04-15 17:00:00,317.73
2012-07-06 11:00:00,252.52
2012-07-13 16:00:00,496.98
2012-01-03 05:00:00,20.12
2012-01-09 11:00:00,96.67
2011-07-18 17:00:00,535.99
2012-07-03 20:00:00,374.76
2011-08-04 18:00:00,460.45
2012-01-03 00:00:00,13.47
2011-02-03 07:00:00,89.58
2012-06-18 02:00:00,9.52
2012-04-04 05:00:00,26.83
2011-08-08 04:00:00,7.42
2012-12-13 18:00:00,485.87
2012-01-08 23:00:00,33.78
2011-01-03 08:00:00,162.04
2011-11-19 14:00:00,373.85
2012-07-04 18:00:00,466.91
2011-04-19 08:00:00,319.54
2012-01-16 01:00:00,22.2
2012-11-17 04:00:00,10.7
2012-02-01 17:00:00,540.63
2011-06-08 15:00:00,131.02
2011-03-01 23:00:00,25.45
2011-06-13 04:00:00,4.11
2011-01-05 12:00:00,65.67
2011-04-12 20:00:00,108.55
2012-01-10 19:00:00,287.88
2012-04-04 11:00:00,224.42
2011-09-18 22:00:00,106.6
2011-02-08 14:00:00,51.31
2011-01-06 04:00:00,1.31
2011-06-07 07:00:00,326.1
2011-05-06 18:00:00,447.24
2011-03-09 12:00:00,81.24
2012-03-04 01:00:00,73.13
2012-02-15 22:00:00,106.32
2012-03-12 15:00:00,232.11
2011-09-04 23:00:00,99.05
2012-02-04 13:00:00,284.09
2012-06-06 01:00:00,23.91
2012-11-07 17:00:00,534.37
2011-12-05 19:00:00,300.17
2011-02-01 22:00:00,36.78
2012-10-12 01:00:00,34.35
2012-09-09 07:00:00,66.28
2012-06-02 19:00:00,489.1
2011-06-18 03:00:00,23.69
2011-06-11 02:00:00,64.81
2011-11-16 06:00:00,78.14
2011-10-09 00:00:00,115.33
2012-09-02 10:00:00,408.77
2012-12-09 03:00:00,27.76
2012-07-10 08:00:00,654.54
2012-09-14 03:00:00,12.69
2011-08-05 09:00:00,224.64
2012-04-08 14:00:00,509.24
2012-01-06 22:00:00,124.51
2012-10-05 02:00:00,13.37
2011-04-09 19:00:00,137.13
2012-05-06 10:00:00,359.23
2012-12-17 22:00:00,143.84
2011-07-12 00:00:00,28.4
2011-11-11 04:00:00,7.52
2011-06-16 06:00:00,103.61
2011-11-04 17:00:00,458.53
2012-12-05 20:00:00,276.54
2012-09-13 00:00:00,56.45
2012-10-08 04:00:00,9.79
2011-04-18 01:00:00,17.41
2011-11-04 18:00:00,393.84
2011-04-04 21:00:00,120.08
2011-02-13 20:00:00,67.1
2012-10-12 15:00:00,424.84
2011-11-06 14:00:00,319.36
2011-06-16 23:00:00,35.04
2012-04-17 03:00:00,5.38
2012-09-11 01:00:00,12.46
2012-03-06 18:00:00,422.25
2012-10-02 01:00:00,14.13
2012-07-14 02:00:00,88.62
2011-03-18 11:00:00,153.34
2011-09-13 06:00:00,118.96
2012-02-09 19:00:00,247.06
2012-02-13 10:00:00,81.84
2011-07-01 22:00:00,204.27
2011-09-10 11:00:00,351.99
2011-07-05 01:00:00,30.19
2012-01-01 05:00:00,5.64
2012-11-06 10:00:00,209.01
2012-07-19 16:00:00,386.43
2012-06-08 11:00:00,286.64
2012-10-17 15:00:00,313.58
2011-05-16 15:00:00,174.32
2011-04-16 05:00:00,4.27
2012-07-03 18:00:00,652.87
2011-10-03 05:00:00,20.59
2011-08-16 22:00:00,156.21
2011-02-12 09:00:00,48.38
2012-12-04 19:00:00,475.71
2011-10-05 17:00:00,548.57
2011-07-05 22:00:00,161.9
2012-01-14 14:00:00,225.18
2011-11-04 16:00:00,280.85
2011-08-02 11:00:00,140.58
2011-04-07 04:00:00,1.57
2011-11-14 11:00:00,132.61
2011-08-17 16:00:00,291.87
2011-02-09 08:00:00,201.71
2012-07-05 04:00:00,7.67
2011-05-18 12:00:00,70.01
2012-04-02 07:00:00,316.09
2012-11-12 12:00:00,409.96
2011-02-12 18:00:00,74.7
2011-04-02 11:00:00,194.46
2011-05-12 10:00:00,141.2
2011-04-16 13:00:00,58.26
2011-04-01 23:00:00,48.74
2012-05-15 05:00:00,15.34
2012-07-14 11:00:00,500.05
2012-12-16 19:00:00,152.77
2012-08-14 04:00:00,5.79
2012-09-06 08:00:00,568.29
2011-05-01 21:00:00,128.84
2011-12-04 16:00:00,320.06
2012-10-15 00:00:00,41.02
2012-12-07 08:00:00,505.09
2011-07-12 11:00:00,132.06
2012-07-16 04:00:00,10.1
2011-02-19 21:00:00,41.82
2011-12-04 10:00:00,217.11
2011-09-14 01:00:00,16.74
2012-06-10 18:00:00,473.64
2012-10-09 05:00:00,37.31
2011-12-06 01:00:00,12.99
2011-03-17 10:00:00,82.93
2011-08-05 22:00:00,189.17
2011-11-16 22:00:00,54.64
2012-06-06 17:00:00,757.45
2012-06-04 05:00:00,34.73
2011-10-06 19:00:00,302.91
2012-08-10 18:00:00,760.86
2011-01-14 07:00:00,68.79
2011-01-17 13:00:00,88.0
2012-10-11 18:00:00,681.35
2011-12-03 16:00:00,298.18
2011-10-13 23:00:00,61.15
2011-05-07 03:00:00,20.28
2011-08-14 01:00:00,70.72
2011-02-10 05:00:00,5.5
2011-11-11 01:00:00,26.64
2012-09-07 22:00:00,281.78
2012-11-16 14:00:00,263.33
2011-08-15 11:00:00,151.72
2011-07-18 02:00:00,8.03
2012-05-16 17:00:00,852.89
2012-12-12 23:00:00,75.01
2011-02-17 01:00:00,7.55
2011-10-09 08:00:00,101.07
2011-04-09 11:00:00,199.67
2012-11-17 02:00:00,51.75
2012-06-09 01:00:00,119.42
2011-03-19 13:00:00,290.25
2011-12-14 15:00:00,159.4
2011-06-10 20:00:00,294.76
2011-10-13 22:00:00,128.85
2012-12-08 06:00:00,24.52
2012-02-16 07:00:00,285.33
2011-05-13 00:00:00,48.22
2011-05-06 14:00:00,216.58
2011-07-01 09:00:00,240.63
2011-05-19 22:00:00,79.75
2012-06-19 18:00:00,791.61
2012-06-08 23:00:00,210.05
2011-02-15 09:00:00,124.81
2012-11-11 10:00:00,322.58
2012-01-02 00:00:00,43.81
2012-08-15 08:00:00,685.45
2011-12-08 16:00:00,215.58
2011-05-07 04:00:00,6.13
2012-10-12 22:00:00,161.9
2012-10-11 14:00:00,333.66
2012-12-03 22:00:00,143.26
2011-04-16 09:00:00,36.19
2011-10-18 00:00:00,31.2
2012-02-16 12:00:00,54.78
2012-04-08 03:00:00,26.84
2012-07-06 02:00:00,17.7
2012-12-11 05:00:00,37.38
2012-08-13 05:00:00,38.65
2011-11-05 01:00:00,59.41
2011-02-16 12:00:00,84.5
2011-03-15 02:00:00,3.55
2011-12-08 04:00:00,2.63
2011-08-19 15:00:00,219.38
2012-02-15 04:00:00,1.45
2011-10-12 18:00:00,175.89
2011-11-10 21:00:00,133.49
2011-06-10 11:00:00,156.29
2012-05-12 20:00:00,294.22
2012-10-17 03:00:00,5.29
2011-09-08 22:00:00,64.53
2012-09-02 19:00:00,271.48
2012-08-06 18:00:00,845.27
2012-08-19 06:00:00,22.5
2012-04-16 20:00:00,361.35
2012-07-14 14:00:00,595.32
2011-05-04 16:00:00,276.87
2011-06-03 03:00:00,5.18
2011-08-04 23:00:00,127.32
2011-10-12 10:00:00,109.73
2012-01-08 00:00:00,84.79
2012-05-12 15:00:00,612.68
2011-05-10 22:00:00,143.49
2011-09-02 18:00:00,392.31
2012-09-13 16:00:00,478.25
2011-05-11 23:00:00,75.77
2012-06-19 21:00:00,288.7
2012-01-04 05:00:00,22.2
2011-06-04 05:00:00,9.24
2011-01-06 12:00:00,78.71
2012-12-08 17:00:00,297.81
2012-05-16 20:00:00,424.96
2012-08-04 08:00:00,173.8
2011-02-03 02:00:00,2.24
2012-10-03 18:00:00,828.94
2012-07-09 01:00:00,14.96
2012-03-05 04:00:00,1.74
2012-07-12 14:00:00,230.34
2011-09-10 12:00:00,358.21
2011-01-09 15:00:00,83.35
2011-07-01 07:00:00,254.71
2012-07-12 05:00:00,42.51
2011-11-14 21:00:00,208.33
2012-10-12 13:00:00,380.97
2012-05-10 12:00:00,288.1
2012-11-11 20:00:00,171.93
2011-09-11 05:00:00,26.64
2012-02-14 03:00:00,2.87
2011-08-13 23:00:00,119.14
2012-12-13 11:00:00,186.41
2012-05-14 10:00:00,79.75
2012-07-19 03:00:00,5.81
2011-09-17 19:00:00,250.44
2012-02-09 20:00:00,196.4
2012-02-10 07:00:00,239.33
2012-09-04 07:00:00,472.63
2011-05-01 22:00:00,108.94
2012-10-16 01:00:00,14.73
2011-09-12 14:00:00,185.88
2011-08-06 13:00:00,421.92
2011-03-04 06:00:00,32.67
2011-09-17 12:00:00,360.47
2012-08-04 02:00:00,68.81
2011-12-11 13:00:00,265.22
2011-05-04 22:00:00,98.36
2011-04-01 13:00:00,97.48
2012-08-18 21:00:00,308.59
2011-11-03 01:00:00,13.07
2011-07-10 17:00:00,365.9
2011-11-03 15:00:00,165.55
2012-10-10 21:00:00,261.93
2012-05-06 05:00:00,13.43
2011-12-07 04:00:00,2.5
2011-10-03 16:00:00,219.08
2012-08-17 06:00:00,155.89
2012-03-17 08:00:00,168.61
2011-03-05 13:00:00,183.31
2011-08-04 05:00:00,20.75
2012-06-11 14:00:00,253.5
2011-04-14 20:00:00,167.69
2011-10-11 10:00:00,141.15
2012-06-12 16:00:00,273.14
2011-12-18 02:00:00,44.7
2012-06-08 20:00:00,391.68
2012-04-10 20:00:00,286.08
2012-07-10 06:00:00,175.91
2012-09-04 02:00:00,6.86
2011-08-09 11:00:00,140.23
2011-12-17 13:00:00,228.73
2011-02-03 05:00:00,3.24
2012-04-18 10:00:00,160.04
2012-01-01 14:00:00,268.68
2011-09-01 00:00:00,48.1
2012-01-10 15:00:00,130.75
2012-03-07 22:00:00,122.26
2012-02-05 06:00:00,4.57
2012-01-16 21:00:00,79.34
2011-06-05 19:00:00,325.76
2012-08-06 05:00:00,28.77
2012-06-02 17:00:00,559.56
2012-04-18 20:00:00,278.11
2012-06-01 14:00:00,254.11
2011-07-17 13:00:00,377.94
2012-09-15 21:00:00,282.45
2012-11-13 15:00:00,224.85
2011-02-12 17:00:00,116.36
2012-08-07 21:00:00,297.79
2011-02-04 09:00:00,126.65
2011-09-07 12:00:00,27.18
2011-04-07 14:00:00,153.23
2011-05-06 20:00:00,198.87
2012-09-11 03:00:00,7.59
2012-10-03 10:00:00,179.8
2012-12-09 18:00:00,187.25
2011-09-11 21:00:00,170.88
2011-01-10 14:00:00,47.93
2011-02-17 23:00:00,51.85
2011-04-18 09:00:00,170.03
2012-04-14 10:00:00,385.39
2011-01-16 02:00:00,21.62
2012-06-09 22:00:00,264.38
2012-03-01 07:00:00,297.45
2011-01-03 12:00:00,62.07
2012-06-16 14:00:00,596.75
2011-12-05 18:00:00,408.29
2012-09-03 03:00:00,21.03
2012-10-07 01:00:00,111.82
2011-08-11 23:00:00,123.29
2012-03-16 17:00:00,376.58
2011-06-03 00:00:00,67.65
2011-12-07 07:00:00,60.06
2012-02-09 02:00:00,2.66
2011-04-12 18:00:00,244.47
2012-05-03 16:00:00,376.41
2012-03-16 20:00:00,237.96
2011-05-11 16:00:00,314.02
2012-06-08 15:00:00,384.54
2011-11-06 15:00:00,310.19
2012-05-05 11:00:00,527.59
2011-02-14 19:00:00,110.45
2012-05-19 20:00:00,318.44
2011-11-16 02:00:00,5.66
2012-03-12 21:00:00,234.42
2012-06-18 00:00:00,43.67
2011-01-14 19:00:00,94.19
2012-10-08 20:00:00,237.77
2012-04-10 19:00:00,463.48
2012-08-07 08:00:00,690.83
2011-06-11 21:00:00,218.0
2011-04-09 02:00:00,28.31
2011-06-07 23:00:00,84.08
2012-11-04 16:00:00,432.91
2011-10-05 02:00:00,4.17
2011-08-13 05:00:00,15.56
2012-03-14 23:00:00,130.81
2012-01-05 18:00:00,376.72
2011-08-02 18:00:00,537.74
2012-09-02 22:00:00,162.24
2012-06-07 06:00:00,153.94
2012-09-09 22:00:00,175.13
2012-09-03 19:00:00,416.73
2012-05-11 12:00:00,351.6
2012-11-18 10:00:00,310.61
2012-12-03 14:00:00,266.74
2011-11-12 18:00:00,212.22
2012-10-19 09:00:00,378.32
2011-01-05 23:00:00,22.17
2011-08-18 08:00:00,430.42
2012-03-14 13:00:00,262.28
2011-04-15 14:00:00,169.83
2011-10-15 13:00:00,409.45
2011-07-03 13:00:00,410.1
2012-04-03 14:00:00,252.71
2011-12-18 11:00:00,176.74
2011-11-12 05:00:00,6.75
2011-08-07 13:00:00,340.21
2012-09-05 13:00:00,241.85
2011-08-06 22:00:00,130.86
2012-10-13 06:00:00,25.97
2011-04-11 15:00:00,144.33
2011-02-14 23:00:00,24.26
2011-04-03 17:00:00,260.37
2011-02-07 17:00:00,209.2
2011-02-08 13:00:00,57.1
2011-09-04 14:00:00,371.11
2012-02-02 05:00:00,19.32
2011-01-10 12:00:00,52.36
2011-02-04 20:00:00,71.15
2012-11-09 05:00:00,29.47
2012-11-07 16:00:00,303.54
2011-07-04 14:00:00,408.77
2011-07-03 11:00:00,370.83
2011-07-15 08:00:00,521.79
2011-11-06 09:00:00,158.66
2011-04-17 21:00:00,98.18
2011-02-09 16:00:00,78.96
2012-01-10 05:00:00,22.7
2011-02-01 02:00:00,2.63
2012-03-06 01:00:00,5.87
2011-05-07 16:00:00,376.26
2012-12-13 00:00:00,36.24
2012-10-11 03:00:00,5.59
2011-07-10 02:00:00,84.29
2012-05-16 07:00:00,438.07
2011-05-03 01:00:00,14.48
2012-02-08 05:00:00,20.52
2011-04-10 01:00:00,36.99
2011-10-03 07:00:00,262.2
2011-08-07 02:00:00,66.9
2012-12-16 01:00:00,99.48
2012-09-19 09:00:00,356.28
2012-10-11 07:00:00,444.86
2012-07-12 21:00:00,363.0
2011-06-09 17:00:00,433.52
2012-08-19 13:00:00,193.62
2011-01-13 04:00:00,2.96
2011-12-09 14:00:00,182.46
2011-11-01 16:00:00,283.21
2011-08-11 12:00:00,195.99
2012-05-07 20:00:00,343.16
2011-12-01 08:00:00,440.59
2012-02-10 20:00:00,169.58
2011-06-10 08:00:00,448.16
2011-01-06 00:00:00,11.08
2011-08-19 10:00:00,166.35
2011-12-15 15:00:00,113.68
2012-08-19 08:00:00,133.2
2011-04-09 15:00:00,203.54
2012-11-14 06:00:00,141.22
2011-01-10 01:00:00,1.79
2011-10-09 20:00:00,221.89
2011-03-07 15:00:00,91.57
2011-12-01 11:00:00,115.38
2012-09-03 20:00:00,330.16
2012-03-01 23:00:00,76.68
2012-01-18 23:00:00,40.06
2011-10-02 04:00:00,7.34
2012-07-17 22:00:00,257.02
2012-05-17 19:00:00,537.49
2012-04-12 02:00:00,5.28
2012-06-01 16:00:00,292.7
2011-10-14 19:00:00,256.48
2012-02-02 18:00:00,422.72
2011-04-18 18:00:00,369.71
2012-05-10 00:00:00,39.92
2012-10-05 01:00:00,34.29
2012-03-11 07:00:00,44.02
2012-09-05 09:00:00,308.93
2012-02-19 08:00:00,66.88
2012-10-03 19:00:00,576.7
2011-08-01 11:00:00,129.02
2012-11-02 08:00:00,672.31
2012-05-03 01:00:00,22.22
2011-03-09 15:00:00,81.91
2011-05-09 00:00:00,39.82
2011-05-15 16:00:00,410.59
2012-12-18 07:00:00,358.2
2012-12-05 23:00:00,99.79
2011-04-02 10:00:00,165.19
2012-11-04 03:00:00,19.45
2012-02-09 10:00:00,118.07
2011-12-17 04:00:00,7.75
2011-06-10 05:00:00,26.59
2011-09-18 08:00:00,79.01
2012-07-02 05:00:00,34.65
2011-01-16 07:00:00,9.96
2012-08-11 12:00:00,538.94
2011-12-02 10:00:00,119.97
2011-03-17 22:00:00,80.65
2011-09-18 09:00:00,172.17
2011-09-16 04:00:00,4.65
2012-06-12 22:00:00,196.46
2012-06-06 14:00:00,298.74
2012-12-07 12:00:00,247.73
2012-03-12 05:00:00,18.94
2011-05-04 12:00:00,133.68
2012-04-16 04:00:00,8.13
2012-09-04 18:00:00,821.82
2012-10-05 13:00:00,420.78
2012-10-11 21:00:00,239.53
2011-05-18 02:00:00,7.8
2012-12-03 15:00:00,279.56
2012-09-06 13:00:00,194.84
2011-07-19 19:00:00,318.0
2011-02-06 04:00:00,2.35
2011-03-14 15:00:00,94.75
2011-08-12 17:00:00,528.65
2012-03-10 21:00:00,117.13
2011-10-12 06:00:00,108.3
2011-06-19 20:00:00,238.98
2011-03-16 09:00:00,154.62
2012-06-05 12:00:00,253.84
2012-07-06 08:00:00,582.87
2011-07-02 22:00:00,203.27
2012-03-15 19:00:00,482.89
2011-04-03 12:00:00,304.73
2012-12-18 16:00:00,360.87
2012-01-14 04:00:00,3.91
2012-02-11 23:00:00,57.51
2012-02-04 10:00:00,203.72
2012-11-13 21:00:00,167.03
2011-03-10 08:00:00,77.41
2011-01-07 07:00:00,81.56
2012-01-10 01:00:00,5.45
2012-09-19 07:00:00,528.48
2011-10-02 22:00:00,65.01
2011-09-02 02:00:00,18.28
2011-09-08 15:00:00,128.66
2011-04-05 15:00:00,99.71
2011-01-03 23:00:00,14.28
2012-02-05 00:00:00,63.53
2012-07-12 03:00:00,8.51
2012-01-05 23:00:00,59.56
2011-10-18 19:00:00,331.23
2011-12-08 09:00:00,228.55
2012-08-06 23:00:00,122.23
2012-02-10 21:00:00,126.14
2011-05-19 20:00:00,260.25
2011-06-12 16:00:00,256.26
2012-04-01 21:00:00,161.96
2012-04-14 21:00:00,228.99
2011-04-02 00:00:00,33.87
2011-07-10 16:00:00,380.08
2011-02-14 15:00:00,114.91
2011-02-16 21:00:00,84.42
2012-09-12 23:00:00,142.78
2011-09-19 04:00:00,5.18
2011-11-13 02:00:00,57.31
2011-12-14 00:00:00,23.21
2011-05-05 07:00:00,265.92
2011-04-05 16:00:00,132.68
2011-06-10 17:00:00,519.4
2012-01-02 09:00:00,145.79
2011-01-04 21:00:00,51.09
2011-04-08 21:00:00,59.12
2012-02-15 00:00:00,22.9
2012-01-14 06:00:00,5.8
2011-09-09 09:00:00,156.07
2012-05-07 07:00:00,439.7
2012-05-01 23:00:00,97.66
2011-07-19 06:00:00,124.93
2011-09-03 17:00:00,358.18
2011-01-17 08:00:00,45.31
2011-10-09 02:00:00,57.1
2011-12-19 07:00:00,234.02
2012-09-05 02:00:00,8.58
2012-06-01 06:00:00,122.58
2012-01-15 08:00:00,44.79
2011-08-13 01:00:00,77.39
2012-08-04 21:00:00,283.15
2011-07-01 05:00:00,27.87
2012-05-11 00:00:00,64.96
2011-02-17 06:00:00,45.05
2011-06-14 03:00:00,3.08
2012-12-11 15:00:00,252.87
2012-05-09 00:00:00,36.15
2011-01-09 14:00:00,76.44
2012-01-14 09:00:00,97.72
2012-08-02 10:00:00,191.02
2011-07-17 19:00:00,369.78
2012-02-01 09:00:00,263.1
2012-09-17 07:00:00,501.33
2012-03-15 06:00:00,117.19
2012-04-18 00:00:00,39.39
2012-11-04 11:00:00,439.8
2012-05-18 03:00:00,11.99
2012-03-05 09:00:00,215.56
2012-09-10 00:00:00,47.74
2012-02-11 11:00:00,187.86
2012-07-10 03:00:00,3.79
2012-03-05 17:00:00,355.16
2011-12-15 14:00:00,135.01
2011-08-10 10:00:00,118.31
2011-05-01 05:00:00,10.63
2011-05-15 08:00:00,76.97
2012-05-18 01:00:00,45.08
2011-11-10 22:00:00,96.04
2011-02-08 17:00:00,172.08
2011-11-17 10:00:00,93.74
2011-08-13 06:00:00,27.18
2012-11-04 09:00:00,229.11
2011-08-16 05:00:00,28.23
2011-04-05 08:00:00,150.7
2011-11-19 16:00:00,294.92
2012-06-13 02:00:00,5.79
2012-10-06 16:00:00,633.11
2011-12-15 18:00:00,376.97
2011-03-08 09:00:00,148.17
2012-06-10 14:00:00,498.88
2012-01-16 08:00:00,78.44
2011-10-01 08:00:00,81.52
2012-10-10 16:00:00,524.88
2012-03-06 17:00:00,431.44
2011-11-16 11:00:00,60.05
2012-02-02 20:00:00,213.59
2011-05-01 14:00:00,254.3
2011-11-18 19:00:00,200.15
2012-04-03 12:00:00,289.74
2011-08-09 21:00:00,228.97
2011-12-01 14:00:00,150.1
2012-03-10 11:00:00,273.94
2012-07-10 17:00:00,827.78
2011-12-11 19:00:00,136.62
2011-09-18 07:00:00,44.41
2011-02-17 12:00:00,102.06
2011-09-15 03:00:00,7.67
2011-03-15 23:00:00,21.78
2012-04-04 18:00:00,755.52
2012-10-07 15:00:00,303.25
2012-10-03 08:00:00,760.69
2012-01-14 05:00:00,3.55
2011-08-17 18:00:00,554.75
2012-02-02 14:00:00,149.15
2012-02-16 23:00:00,68.68
2011-03-11 22:00:00,61.14
2012-09-08 22:00:00,187.83
2011-02-09 11:00:00,44.66
2011-01-02 08:00:00,18.09
2011-10-05 21:00:00,190.21
2012-06-10 17:00:00,391.7
2011-08-08 03:00:00,3.06
2012-11-02 20:00:00,236.88
2011-05-12 09:00:00,203.31
2012-11-01 10:00:00,155.64
2012-11-03 09:00:00,234.17
2012-12-03 02:00:00,10.7
2012-08-10 09:00:00,352.84
2012-11-16 17:00:00,575.89
2011-12-01 23:00:00,70.23
2011-08-01 04:00:00,5.04
2012-06-08 17:00:00,776.1
2012-12-14 06:00:00,109.77
2012-07-15 03:00:00,48.3
2011-12-05 07:00:00,281.36
2012-06-17 00:00:00,144.33
2012-11-19 13:00:00,248.88
2011-06-12 07:00:00,49.55
2012-11-10 23:00:00,141.78
2011-08-08 09:00:00,185.74
2011-02-18 08:00:00,263.56
2012-09-17 13:00:00,336.06
2012-08-03 01:00:00,40.57
2012-11-11 05:00:00,9.91
2012-07-11 17:00:00,823.47
2012-12-05 07:00:00,351.82
2011-08-04 19:00:00,336.13
2011-03-14 20:00:00,81.76
2012-07-06 20:00:00,358.33
2011-01-06 14:00:00,69.75
2012-08-01 03:00:00,6.94
2011-07-04 20:00:00,333.34
2012-06-03 00:00:00,152.89
2012-07-13 17:00:00,739.4
2012-09-12 05:00:00,46.26
2012-06-17 19:00:00,390.19
2011-10-08 00:00:00,96.18
2012-07-06 01:00:00,32.72
2012-05-08 04:00:00,5.81
2011-05-02 08:00:00,379.47
2012-08-11 03:00:00,36.48
2011-01-03 19:00:00,109.24
2011-01-10 00:00:00,7.32
2011-11-18 15:00:00,176.22
2011-03-05 00:00:00,24.94
2012-10-05 17:00:00,870.52
2012-11-02 05:00:00,28.79
2011-07-12 19:00:00,362.65
2012-12-02 19:00:00,171.57
2011-06-04 07:00:00,72.09
2012-06-07 13:00:00,305.91
2011-10-14 08:00:00,416.27
2011-03-10 16:00:00,29.98
2011-05-04 05:00:00,14.85
2011-04-09 05:00:00,4.83
2011-03-10 11:00:00,16.8
2012-10-14 02:00:00,73.06
2012-03-02 10:00:00,151.43
2011-11-08 19:00:00,283.81
2012-01-15 14:00:00,198.82
2012-10-16 16:00:00,453.4
2012-04-18 18:00:00,484.27
2011-06-11 13:00:00,379.47
2012-11-16 01:00:00,23.89
2011-06-11 16:00:00,401.48
2011-10-11 01:00:00,10.72
2011-11-15 17:00:00,459.25
2011-10-02 15:00:00,192.69
2011-06-02 08:00:00,466.97
2011-04-15 11:00:00,145.47
2011-04-06 05:00:00,11.97
2011-01-15 19:00:00,65.94
2011-09-11 17:00:00,386.52
2012-05-16 03:00:00,5.64
2012-03-14 14:00:00,235.01
2011-12-05 06:00:00,90.34
2011-12-11 09:00:00,119.25
2011-09-08 04:00:00,3.52
2012-04-02 21:00:00,226.66
2012-05-09 14:00:00,247.33
2011-07-03 00:00:00,132.02
2011-07-17 02:00:00,86.73
2012-10-13 20:00:00,241.49
2011-05-01 20:00:00,131.25
2012-08-03 12:00:00,339.93
2011-10-04 17:00:00,574.3
2011-05-01 01:00:00,60.2
2011-02-14 01:00:00,8.78
2012-03-07 17:00:00,603.51
2012-04-14 23:00:00,178.47
2012-10-02 22:00:00,204.88
2012-01-05 12:00:00,132.82
2011-03-07 10:00:00,60.74
2011-07-19 00:00:00,48.71
2012-10-06 19:00:00,329.13
2011-06-18 12:00:00,399.99
2012-09-13 10:00:00,210.97
2012-10-02 19:00:00,367.35
2012-05-12 06:00:00,34.03
2012-12-08 02:00:00,68.02
2012-02-03 06:00:00,85.17
2012-04-01 07:00:00,68.12
2011-03-04 18:00:00,189.93
2011-07-07 14:00:00,157.24
2011-09-03 05:00:00,10.71
2011-10-06 02:00:00,10.08
2012-12-01 05:00:00,10.35
2011-07-10 04:00:00,7.91
2012-07-17 18:00:00,754.31
2011-02-10 07:00:00,97.3
2011-09-09 07:00:00,163.74
2011-10-17 21:00:00,171.72
2012-11-09 19:00:00,358.84
2012-06-03 14:00:00,669.46
2012-05-03 14:00:00,224.52
2011-09-06 04:00:00,4.03
2012-12-07 15:00:00,280.97
2011-02-11 00:00:00,14.08
2012-02-19 09:00:00,107.83
2012-01-12 20:00:00,195.81
2011-04-16 08:00:00,58.26
2011-05-09 11:00:00,137.09
2011-02-15 12:00:00,72.5
2011-12-19 18:00:00,365.05
2011-02-12 13:00:00,130.74
2012-11-15 23:00:00,103.54
2012-05-12 03:00:00,32.63
2011-04-14 13:00:00,149.11
2012-11-06 03:00:00,6.12
2011-06-07 02:00:00,6.85
2012-09-14 04:00:00,11.47
2011-06-19 03:00:00,33.54
2011-06-10 01:00:00,27.42
2011-12-09 12:00:00,178.22
2011-02-19 17:00:00,128.96
2011-05-13 07:00:00,141.1
2011-12-17 12:00:00,236.45
2012-10-10 04:00:00,6.64
2012-11-13 16:00:00,329.99
2011-02-16 06:00:00,32.15
2012-01-10 04:00:00,2.68
2011-10-07 09:00:00,226.4
2011-12-03 01:00:00,67.64
2011-11-18 02:00:00,10.93
2012-05-08 22:00:00,141.2
2012-04-09 04:00:00,4.46
2011-05-08 21:00:00,145.69
2011-12-06 17:00:00,264.51
2012-02-08 11:00:00,107.49
2011-07-19 02:00:00,11.0
2012-06-18 10:00:00,92.93
2011-12-08 18:00:00,323.48
2011-07-04 21:00:00,389.55
2011-09-07 06:00:00,79.05
2011-10-06 09:00:00,206.1
2011-01-04 11:00:00,56.61
2011-10-19 21:00:00,100.6
2011-04-07 16:00:00,207.05
2012-06-06 09:00:00,323.3
2012-03-09 20:00:00,181.7
2012-09-13 22:00:00,248.5
2011-12-07 05:00:00,7.37
2012-11-08 19:00:00,377.52
2012-07-09 03:00:00,4.81
2011-11-16 03:00:00,4.64
2012-02-10 05:00:00,18.32
2012-01-04 20:00:00,137.39
2012-11-02 18:00:00,586.39
2012-03-02 15:00:00,124.85
2012-09-03 15:00:00,466.69
2011-07-19 15:00:00,155.18
2011-09-09 15:00:00,204.16
2012-11-15 16:00:00,345.86
2012-09-15 14:00:00,662.32
2011-04-06 22:00:00,84.76
2011-12-06 07:00:00,239.96
2011-12-16 01:00:00,26.71
2011-05-11 11:00:00,144.27
2012-07-18 12:00:00,219.43
2012-01-17 06:00:00,64.27
2011-04-01 07:00:00,108.42
2011-08-19 17:00:00,526.92
2011-07-06 02:00:00,5.91
2011-11-13 19:00:00,186.63
2011-08-08 08:00:00,403.77
2012-10-08 09:00:00,316.56
2011-04-17 04:00:00,6.01
2012-08-02 05:00:00,42.0
2012-11-07 03:00:00,9.44
2011-04-06 20:00:00,145.51
2012-07-08 22:00:00,155.21
2011-05-05 01:00:00,15.89
2011-05-15 12:00:00,386.98
2012-04-08 23:00:00,93.9
2012-09-07 21:00:00,292.42
2012-08-19 00:00:00,177.93
2011-03-06 19:00:00,53.49
2011-03-01 19:00:00,123.21
2012-03-13 10:00:00,152.79
2012-03-03 14:00:00,444.42
2012-05-15 19:00:00,510.82
2011-07-13 05:00:00,26.38
2011-10-17 16:00:00,299.03
2012-08-11 22:00:00,161.96
2012-05-13 15:00:00,532.32
2011-11-02 13:00:00,166.5
2012-02-14 20:00:00,199.99
2012-02-12 22:00:00,57.94
2011-12-13 15:00:00,150.57
2012-03-07 21:00:00,186.17
2012-10-11 05:00:00,40.13
2011-04-14 07:00:00,182.08
2012-12-10 02:00:00,5.5
2012-09-12 18:00:00,941.77
2012-05-07 08:00:00,612.76
2012-08-17 08:00:00,676.97
2012-02-14 15:00:00,136.29
2011-09-05 02:00:00,42.57
2012-04-17 16:00:00,407.86
2012-01-06 08:00:00,446.11
2012-09-19 10:00:00,200.97
2011-01-13 03:00:00,2.66
2012-02-06 09:00:00,220.52
2011-08-14 08:00:00,62.1
2012-03-12 19:00:00,463.23
2012-10-05 21:00:00,272.63
2012-05-19 18:00:00,616.04
2011-11-04 11:00:00,165.21
2011-08-03 13:00:00,159.9
2012-12-13 04:00:00,6.07
2012-08-16 19:00:00,596.48
2011-05-16 22:00:00,126.25
2011-01-06 18:00:00,161.33
2011-02-18 07:00:00,143.62
2011-11-01 22:00:00,100.26
2012-06-12 03:00:00,9.33
2011-09-11 01:00:00,82.82
2012-12-02 10:00:00,268.01
2011-12-19 06:00:00,72.98
2012-06-10 20:00:00,341.11
2011-09-10 20:00:00,248.15
2011-08-18 18:00:00,392.01
2012-06-16 16:00:00,576.28
2011-10-08 12:00:00,446.98
2011-12-12 05:00:00,21.06
2011-08-08 19:00:00,399.71
2011-08-06 04:00:00,8.46
2012-03-09 10:00:00,164.88
2012-09-14 17:00:00,805.33
2011-10-10 09:00:00,206.14
2012-10-07 22:00:00,113.7
2012-03-18 09:00:00,231.99
2011-06-07 06:00:00,113.15
2012-08-06 03:00:00,5.86
2011-05-06 09:00:00,200.75
2012-11-14 11:00:00,159.32
2012-07-17 07:00:00,506.75
2011-05-05 03:00:00,4.89
2012-11-19 21:00:00,192.9
2011-04-11 09:00:00,158.68
2012-11-19 01:00:00,12.56
2011-11-09 15:00:00,156.63
2012-12-14 05:00:00,33.73
2012-11-01 03:00:00,11.21
2012-03-19 00:00:00,28.3
2012-11-16 03:00:00,6.03
2011-08-06 19:00:00,199.83
2012-09-18 03:00:00,5.55
2011-03-11 09:00:00,154.17
2012-03-16 23:00:00,107.57
2011-09-16 07:00:00,277.95
2012-11-07 21:00:00,179.42
2012-11-05 19:00:00,380.91
2011-09-02 12:00:00,266.74
2011-02-04 02:00:00,1.35
2012-09-05 01:00:00,17.04
2011-09-14 21:00:00,200.29
2012-10-17 10:00:00,216.19
2012-09-06 01:00:00,19.33
2012-01-15 19:00:00,109.23
2011-03-09 09:00:00,141.63
2011-09-08 23:00:00,41.31
2012-03-09 09:00:00,289.95
2012-04-05 07:00:00,339.03
2012-12-16 05:00:00,9.26
2011-06-07 20:00:00,325.8
2012-11-04 21:00:00,98.41
2012-03-07 06:00:00,104.54
2011-06-02 23:00:00,117.8
2012-06-03 07:00:00,56.07
2012-09-06 07:00:00,482.37
2012-07-05 01:00:00,27.53
2011-11-04 00:00:00,45.33
2012-04-02 08:00:00,603.09
2011-04-08 01:00:00,12.14
2012-09-01 16:00:00,462.44
2011-02-02 02:00:00,3.53
2011-06-13 01:00:00,16.04
2011-05-06 15:00:00,218.74
2012-03-15 13:00:00,269.85
2011-05-01 18:00:00,191.61
2012-08-11 20:00:00,164.72
2012-03-02 19:00:00,178.18
2011-08-12 00:00:00,63.82
2011-11-08 23:00:00,54.62
2012-11-15 13:00:00,220.91
2011-09-07 15:00:00,64.47
2012-10-12 05:00:00,37.23
2011-03-09 22:00:00,30.25
2011-08-15 15:00:00,166.23
2012-09-11 08:00:00,731.5
2012-06-16 09:00:00,301.97
2012-08-13 15:00:00,274.15
2012-02-09 07:00:00,261.25
2012-12-06 09:00:00,292.57
2012-01-17 12:00:00,102.1
2011-04-14 12:00:00,125.32
2012-10-17 16:00:00,442.79
2012-05-03 06:00:00,136.49
2012-04-01 01:00:00,66.06
2011-05-18 09:00:00,190.12
2012-03-03 01:00:00,45.67
2011-05-12 12:00:00,201.21
2012-01-10 17:00:00,469.52
2011-04-10 14:00:00,271.29
2011-07-15 20:00:00,330.45
2011-04-08 09:00:00,159.15
2012-03-08 18:00:00,605.14
2011-08-09 18:00:00,561.77
2012-12-17 16:00:00,282.79
2012-04-10 05:00:00,23.96
2011-03-06 13:00:00,112.47
2012-05-10 13:00:00,301.68
2012-01-06 11:00:00,149.74
2011-06-19 02:00:00,76.89
2012-11-06 01:00:00,16.48
2012-04-18 11:00:00,135.97
2011-02-07 22:00:00,45.42
2011-07-18 07:00:00,290.73
2011-08-14 16:00:00,394.98
2011-01-19 15:00:00,81.73
2012-05-02 08:00:00,609.87
2011-02-14 13:00:00,116.69
2011-06-18 23:00:00,144.01
2011-01-09 22:00:00,16.84
2011-05-12 22:00:00,135.82
2012-06-01 09:00:00,333.31
2012-02-08 02:00:00,1.77
2012-02-18 09:00:00,133.56
2011-11-13 07:00:00,42.58
2012-04-09 03:00:00,3.5
2011-09-16 05:00:00,28.47
2011-06-06 04:00:00,5.08
2011-01-05 21:00:00,49.2
2012-05-07 10:00:00,179.31
2012-11-03 17:00:00,374.54
2012-12-13 09:00:00,321.41
2011-07-15 06:00:00,112.42
2011-07-09 09:00:00,234.32
2012-10-09 09:00:00,364.75
2011-05-18 06:00:00,93.88
2011-02-01 23:00:00,20.65
2012-01-17 23:00:00,65.8
2011-11-13 15:00:00,329.33
2012-09-13 19:00:00,648.04
2012-08-16 16:00:00,426.79
2012-04-09 15:00:00,254.28
2011-02-02 14:00:00,73.73
2012-08-01 15:00:00,284.59
2012-09-17 19:00:00,494.3
2012-09-04 08:00:00,666.51
2011-02-09 03:00:00,1.8
2012-11-06 21:00:00,164.28
2011-09-17 18:00:00,306.63
2012-05-12 22:00:00,260.65
2012-12-06 18:00:00,549.29
2011-02-06 11:00:00,112.97
2011-01-10 06:00:00,30.26
2011-06-09 19:00:00,343.5
2011-10-07 01:00:00,21.96
2012-10-16 19:00:00,521.4
2011-09-11 08:00:00,90.81
2012-02-03 05:00:00,19.74
2012-02-06 17:00:00,436.22
2012-05-11 14:00:00,354.71
2012-12-18 17:00:00,576.24
2011-04-06 23:00:00,46.21
2011-08-14 09:00:00,127.9
2011-03-18 16:00:00,213.42
2011-04-06 12:00:00,130.36
2012-01-13 07:00:00,198.94
2012-08-06 16:00:00,446.2
2011-02-17 03:00:00,3.54
2012-08-17 07:00:00,393.76
2011-05-18 04:00:00,4.1
2011-01-15 17:00:00,102.54
2011-03-18 02:00:00,12.11
2011-07-18 06:00:00,107.48
2012-04-12 13:00:00,229.1
2012-01-04 17:00:00,244.45
2011-08-08 23:00:00,79.51
2011-09-10 09:00:00,206.9
2011-08-06 07:00:00,44.46
2012-05-17 02:00:00,11.69
2011-04-19 21:00:00,131.31
2012-02-17 05:00:00,17.91
2011-03-02 21:00:00,69.43
2011-09-09 11:00:00,89.76
2011-11-11 12:00:00,226.89
2011-08-12 07:00:00,272.84
2011-09-05 14:00:00,355.69
2012-02-04 06:00:00,6.66
2011-11-17 21:00:00,122.88
2012-01-12 22:00:00,121.09
2012-01-02 06:00:00,16.49
2011-08-11 09:00:00,201.92
2012-10-18 23:00:00,156.37
2012-12-06 02:00:00,8.46
2012-08-11 19:00:00,262.91
2011-04-01 19:00:00,139.52
2011-12-16 13:00:00,145.68
2011-10-19 23:00:00,65.25
2011-06-10 07:00:00,276.21
2011-02-08 18:00:00,163.79
2012-04-05 18:00:00,718.74
2012-05-10 17:00:00,756.19
2011-01-02 20:00:00,30.17
2011-04-18 00:00:00,34.01
2012-01-02 02:00:00,19.1
2012-03-14 04:00:00,5.0
2011-01-10 10:00:00,34.98
2011-02-09 15:00:00,61.1
2011-03-06 03:00:00,14.38
2011-05-14 15:00:00,287.27
2011-12-12 06:00:00,72.78
2012-08-17 21:00:00,248.87
2011-01-18 16:00:00,58.9
2011-05-09 02:00:00,9.08
2012-05-07 21:00:00,243.83
2012-05-14 23:00:00,83.88
2011-04-08 04:00:00,1.55
2012-03-02 21:00:00,104.69
2011-10-16 22:00:00,126.92
2012-06-08 03:00:00,9.15
2011-10-19 13:00:00,93.48
2011-04-19 00:00:00,26.88
2011-02-12 15:00:00,162.17
2012-03-17 12:00:00,593.23
2012-01-11 23:00:00,27.62
2012-04-07 07:00:00,55.9
2011-07-18 09:00:00,205.65
2011-07-11 17:00:00,473.9
2012-09-15 07:00:00,72.7
2012-07-18 04:00:00,6.32
2011-04-09 03:00:00,12.4
2011-03-01 04:00:00,1.53
2011-05-14 11:00:00,273.26
2012-07-04 08:00:00,214.12
2011-09-19 08:00:00,392.81
2012-02-12 00:00:00,25.02
2012-03-13 04:00:00,3.22
2011-06-11 15:00:00,379.64
2011-09-07 18:00:00,235.33
2012-02-01 22:00:00,146.27
2011-03-15 00:00:00,15.01
2011-07-07 12:00:00,168.3
2012-03-16 13:00:00,223.15
2012-12-07 02:00:00,10.58
2012-02-01 16:00:00,303.06
2011-08-12 14:00:00,207.93
2012-12-12 08:00:00,674.51
2012-01-18 13:00:00,129.49
2011-08-17 08:00:00,463.18
2011-09-14 05:00:00,28.88
2011-01-12 06:00:00,21.08
2011-02-18 04:00:00,3.62
2012-02-18 23:00:00,73.66
2012-07-16 11:00:00,200.41
2012-05-05 19:00:00,385.09
2012-03-15 01:00:00,21.78
2011-05-01 23:00:00,71.94
2011-07-17 08:00:00,111.32
2012-12-05 14:00:00,238.14
2012-04-15 01:00:00,103.07
2011-11-11 05:00:00,14.47
2011-10-09 12:00:00,446.4
2011-10-05 11:00:00,136.45
2012-08-02 04:00:00,8.34
2011-10-17 13:00:00,190.71
2012-04-14 01:00:00,71.46
2012-06-13 00:00:00,35.13
2011-06-01 09:00:00,204.69
2012-07-13 06:00:00,136.8
2012-09-04 13:00:00,279.63
2011-04-13 02:00:00,3.49
2012-10-03 01:00:00,19.24
2012-06-16 23:00:00,221.12
2012-11-13 11:00:00,160.78
2012-01-11 21:00:00,65.42
2011-05-08 16:00:00,391.47
2012-06-13 19:00:00,583.73
2011-03-16 10:00:00,72.36
2012-05-19 10:00:00,442.8
2012-10-17 22:00:00,200.5
2011-03-14 08:00:00,242.79
2011-06-11 06:00:00,29.1
2011-11-03 08:00:00,412.01
2011-09-10 01:00:00,78.05
2011-01-14 11:00:00,47.25
2011-12-08 13:00:00,132.14
2011-05-18 07:00:00,276.06
2012-12-14 01:00:00,22.63
2012-04-18 16:00:00,256.54
2011-03-17 05:00:00,12.23
2012-10-03 07:00:00,467.1
2011-09-14 07:00:00,354.29
2011-05-14 02:00:00,52.02
2012-05-13 02:00:00,83.06
2012-04-12 09:00:00,328.89
2011-05-19 14:00:00,169.53
2011-05-04 03:00:00,2.01
2011-01-06 16:00:00,82.89
2012-08-16 15:00:00,281.23
2011-12-11 05:00:00,5.63
2012-12-04 12:00:00,301.55
2011-04-05 22:00:00,59.44
2011-11-15 20:00:00,228.52
2012-09-14 02:00:00,25.7
2011-07-13 19:00:00,303.58
2012-09-02 14:00:00,455.82
2011-07-18 14:00:00,147.24
2012-07-17 20:00:00,434.94
2012-03-05 03:00:00,2.06
2012-10-14 00:00:00,112.17
2011-12-06 09:00:00,204.11
2012-01-16 05:00:00,7.94
2012-01-03 12:00:00,81.12
2011-07-05 11:00:00,129.44
2012-01-15 23:00:00,31.56
2011-05-15 10:00:00,234.07
2012-02-14 17:00:00,503.18
2012-10-01 06:00:00,157.67
2012-09-07 12:00:00,330.95
2011-11-06 12:00:00,335.86
2012-12-09 08:00:00,78.89
2011-10-05 20:00:00,244.37
2011-12-06 04:00:00,5.69
2011-05-17 04:00:00,4.17
2012-07-05 02:00:00,14.25
2011-06-06 13:00:00,184.0
2012-07-14 16:00:00,506.47
2011-10-10 13:00:00,372.04
2012-04-16 11:00:00,300.88
2012-03-13 01:00:00,15.22
2011-02-01 00:00:00,9.51
2012-02-18 01:00:00,51.89
2012-05-06 19:00:00,354.7
2011-08-18 23:00:00,115.11
2011-07-02 02:00:00,55.38
2012-09-07 14:00:00,281.31
2011-04-19 14:00:00,120.36
2011-03-03 21:00:00,55.2
2012-12-03 16:00:00,449.72
2012-10-05 03:00:00,13.26
2012-04-09 12:00:00,272.85
2011-09-17 20:00:00,181.19
2011-11-12 03:00:00,16.0
2011-01-02 15:00:00,71.25
2011-02-12 07:00:00,13.75
2011-10-10 22:00:00,138.62
2011-06-06 21:00:00,196.75
2012-11-09 18:00:00,526.39
2011-01-09 13:00:00,84.97
2011-11-02 19:00:00,279.35
2012-08-02 14:00:00,236.52
2012-05-12 12:00:00,594.69
2011-08-13 08:00:00,122.45
2012-12-16 17:00:00,249.3
2012-07-04 13:00:00,506.68
2011-12-16 22:00:00,106.14
2012-10-13 03:00:00,18.25
2011-02-05 19:00:00,72.86
2012-05-07 04:00:00,3.81
2012-04-18 23:00:00,95.9
2011-06-01 18:00:00,450.66
2011-10-13 16:00:00,280.25
2011-11-19 02:00:00,46.87
2011-05-13 01:00:00,24.49
2011-04-04 02:00:00,8.19
2011-04-11 21:00:00,155.52
2012-06-17 21:00:00,224.25
2011-08-04 09:00:00,198.54
2012-12-01 11:00:00,406.32
2012-02-05 15:00:00,266.24
2011-02-07 08:00:00,198.68
2012-07-13 05:00:00,35.8
2011-01-10 18:00:00,155.41
2011-06-14 05:00:00,26.42
2011-09-05 20:00:00,109.29
2012-05-18 16:00:00,545.57
2011-07-03 19:00:00,203.16
2012-10-01 02:00:00,14.44
2012-02-17 02:00:00,10.69
2011-09-04 08:00:00,78.25
2012-10-15 06:00:00,149.52
2012-02-16 18:00:00,299.39
2011-12-16 21:00:00,120.97
2011-06-15 16:00:00,303.27
2011-01-01 20:00:00,42.02
2011-08-17 23:00:00,101.7
2011-07-04 02:00:00,59.83
2012-03-09 07:00:00,280.01
2011-02-15 14:00:00,79.64
2012-05-09 13:00:00,266.69
2011-09-11 07:00:00,41.6
2012-08-11 16:00:00,522.99
2012-04-01 02:00:00,76.79
2012-04-03 20:00:00,371.54
2012-03-12 00:00:00,23.79
2011-10-09 06:00:00,19.65
2011-07-07 20:00:00,280.8
2012-02-04 20:00:00,83.08
2012-04-11 10:00:00,163.54
2011-03-19 11:00:00,212.82
2011-02-12 00:00:00,30.4
2011-08-03 10:00:00,127.35
2012-06-11 07:00:00,496.29
2012-12-01 00:00:00,101.39
2011-03-10 15:00:00,26.2
2012-05-14 11:00:00,173.1
2011-02-02 09:00:00,120.29
2012-06-01 11:00:00,241.34
2011-02-16 09:00:00,130.01
2012-06-05 21:00:00,279.27
2011-08-02 09:00:00,190.92
2011-05-15 17:00:00,327.21
2011-08-04 13:00:00,193.34
2011-07-17 14:00:00,397.41
2011-09-14 08:00:00,424.44
2011-03-16 04:00:00,1.44
2012-08-07 20:00:00,418.01
2011-05-03 14:00:00,165.92
2012-12-14 22:00:00,142.95
2012-12-17 13:00:00,209.88
2011-07-06 22:00:00,179.03
2012-07-09 13:00:00,256.06
2011-03-19 19:00:00,154.08
2011-07-13 13:00:00,148.12
2011-04-16 20:00:00,67.22
2012-07-11 15:00:00,272.86
2012-10-08 16:00:00,333.3
2011-03-12 17:00:00,225.14
2012-06-11 09:00:00,321.48
2011-07-07 07:00:00,294.53
2012-05-15 07:00:00,118.24
2011-04-01 03:00:00,3.28
2011-06-05 21:00:00,190.68
2011-03-02 19:00:00,140.58
2012-04-04 14:00:00,254.25
2011-05-14 17:00:00,280.55
2012-11-09 15:00:00,292.59
2012-04-02 16:00:00,383.09
2012-03-01 16:00:00,352.97
2011-09-01 18:00:00,543.08
2011-06-03 16:00:00,368.99
2012-12-07 23:00:00,126.61
2012-07-06 09:00:00,351.52
2011-04-01 01:00:00,5.74
2011-12-07 20:00:00,39.49
2012-09-09 18:00:00,541.72
2011-10-15 16:00:00,430.43
2011-01-14 09:00:00,116.38
2011-10-02 01:00:00,37.0
2011-03-11 00:00:00,12.97
2011-06-01 03:00:00,5.61
2011-03-08 14:00:00,95.95
2012-03-15 21:00:00,245.31
2012-06-02 02:00:00,53.44
2012-01-07 23:00:00,106.36
2012-06-03 08:00:00,142.74
2011-05-09 17:00:00,574.4
2011-07-19 08:00:00,429.76
2011-08-18 00:00:00,52.97
2011-02-10 22:00:00,45.95
2011-01-01 06:00:00,3.94
2011-09-09 05:00:00,15.18
2012-02-06 15:00:00,160.96
2012-06-16 22:00:00,269.91
2012-08-15 19:00:00,630.58
2012-07-01 06:00:00,28.02
2012-08-01 07:00:00,469.25
2011-05-17 00:00:00,30.11
2011-04-15 19:00:00,182.7
2012-01-10 13:00:00,160.82
2012-04-03 10:00:00,215.4
2012-11-19 05:00:00,38.35
2011-01-14 17:00:00,155.26
2012-06-17 07:00:00,52.56
2012-02-02 21:00:00,150.14
2011-08-01 15:00:00,138.35
2012-11-05 11:00:00,164.72
2011-11-03 14:00:00,157.99
2012-01-07 00:00:00,75.24
2012-01-12 08:00:00,470.14
2011-12-07 03:00:00,2.92
2012-04-14 12:00:00,650.03
2011-06-02 17:00:00,561.83
2012-04-19 20:00:00,381.1
2012-12-01 02:00:00,59.12
2011-09-07 02:00:00,5.55
2011-06-11 04:00:00,12.94
2012-11-04 07:00:00,52.31
2012-03-18 12:00:00,438.6
2012-03-18 06:00:00,15.57
2012-04-11 11:00:00,188.45
2011-03-04 14:00:00,95.48
2012-03-11 21:00:00,140.69
2011-11-12 06:00:00,8.44
2011-02-16 11:00:00,70.61
2012-10-18 01:00:00,15.07
2011-09-17 17:00:00,324.9
2012-02-18 22:00:00,115.82
2012-07-18 02:00:00,9.2
2012-09-09 03:00:00,43.39
2012-07-17 06:00:00,191.31
2011-03-15 21:00:00,57.87
2011-08-03 03:00:00,6.27
2012-04-01 11:00:00,424.27
2011-05-05 00:00:00,34.56
2012-10-12 02:00:00,15.24
2011-01-16 21:00:00,32.92
2011-08-16 13:00:00,186.32
2012-03-05 06:00:00,99.41
2012-01-01 04:00:00,7.36
2011-01-04 23:00:00,16.02
2011-06-13 14:00:00,175.3
2012-11-11 15:00:00,676.26
2012-07-15 13:00:00,486.32
2011-03-13 16:00:00,248.45
2012-12-09 02:00:00,75.68
2011-07-07 10:00:00,108.41
2011-09-10 04:00:00,9.07
2011-11-13 14:00:00,365.05
2012-03-07 09:00:00,266.39
2011-07-09 18:00:00,381.11
2012-02-08 07:00:00,270.92
2011-08-02 19:00:00,362.09
2012-10-03 21:00:00,291.96
2011-02-09 05:00:00,6.39
2011-12-16 10:00:00,134.0
2011-11-09 03:00:00,4.15
2012-09-10 19:00:00,614.86
2012-07-13 22:00:00,272.1
2012-01-13 16:00:00,218.46
2011-10-08 07:00:00,70.91
2012-05-15 15:00:00,261.82
2012-12-01 03:00:00,22.7
2012-04-08 07:00:00,44.53
2012-10-15 21:00:00,229.1
2012-01-05 15:00:00,137.11
2011-06-01 06:00:00,106.55
2011-02-04 11:00:00,63.65
2012-11-11 00:00:00,121.02
2011-05-01 16:00:00,234.27
2011-12-10 05:00:00,6.05
2011-09-19 17:00:00,563.04
2011-08-15 08:00:00,377.08
2011-11-11 07:00:00,135.3
2011-05-12 15:00:00,205.9
2012-03-09 06:00:00,91.1
2012-05-01 14:00:00,214.82
2011-05-02 15:00:00,180.69
2011-02-11 13:00:00,72.52
2011-12-09 03:00:00,4.66
2011-05-12 00:00:00,39.7
2012-03-09 04:00:00,1.93
2011-08-10 20:00:00,305.29
2012-08-10 04:00:00,7.4
2012-01-13 13:00:00,150.0
2012-12-15 00:00:00,100.78
2011-11-05 20:00:00,155.87
2012-10-07 11:00:00,338.67
2011-07-05 00:00:00,49.04
2012-07-01 18:00:00,392.24
2011-05-14 08:00:00,105.0
2011-09-02 06:00:00,83.03
2012-10-18 03:00:00,5.15
2011-07-11 09:00:00,202.1
2012-11-17 09:00:00,243.71
2012-05-18 09:00:00,353.37
2011-05-15 04:00:00,12.41
2011-03-19 06:00:00,12.03
2012-10-15 13:00:00,163.19
2012-01-19 04:00:00,1.87
2011-11-14 19:00:00,389.37
2011-11-04 13:00:00,199.15
2012-07-10 10:00:00,187.72
2011-06-03 04:00:00,5.37
2012-10-14 17:00:00,538.11
2011-12-10 18:00:00,176.3
2011-08-10 09:00:00,186.19
2011-07-10 23:00:00,87.57
2012-09-01 22:00:00,113.12
2011-02-09 21:00:00,70.23
2012-06-16 07:00:00,77.21
2012-09-08 08:00:00,208.89
2011-03-01 14:00:00,79.04
2011-07-17 21:00:00,226.87
2012-03-08 05:00:00,26.98
2012-12-16 16:00:00,380.63
2012-09-03 17:00:00,515.55
2011-10-19 06:00:00,52.86
2011-06-10 06:00:00,102.87
2012-03-04 05:00:00,6.47
2012-08-16 09:00:00,345.21
2012-04-06 08:00:00,543.53
2012-02-18 07:00:00,43.24
2011-08-17 04:00:00,6.47
2012-08-08 17:00:00,852.11
2011-02-16 01:00:00,5.77
2011-09-11 15:00:00,403.92
2011-01-03 06:00:00,36.07
2012-04-15 07:00:00,54.67
2012-01-07 15:00:00,474.71
2012-04-15 09:00:00,262.53
2012-07-02 09:00:00,297.64
2012-12-15 16:00:00,416.52
2011-09-09 10:00:00,57.74
2012-11-04 04:00:00,8.78
2011-07-18 11:00:00,140.02
2012-07-10 22:00:00,176.82
2011-03-16 12:00:00,90.92
2011-12-02 02:00:00,10.55
2011-06-15 08:00:00,483.89
2011-02-12 22:00:00,43.79
2012-09-03 21:00:00,242.4
2011-08-03 15:00:00,123.0
2012-06-17 15:00:00,587.52
2012-05-16 05:00:00,34.36
2011-11-16 07:00:00,129.15
2011-06-17 08:00:00,439.23
2011-07-01 20:00:00,313.48
2012-06-10 11:00:00,498.42
2012-03-01 02:00:00,6.87
2012-10-16 10:00:00,209.54
2012-12-11 02:00:00,10.31
2011-11-03 12:00:00,179.13
2012-03-03 21:00:00,159.74
2012-10-18 06:00:00,159.34
2011-07-17 20:00:00,270.29
2011-01-16 09:00:00,37.65
2011-03-09 16:00:00,114.52
2012-01-14 17:00:00,153.48
2012-04-06 18:00:00,545.03
2012-12-17 09:00:00,291.46
2011-07-02 16:00:00,392.8
2012-12-06 07:00:00,391.47
2012-08-04 15:00:00,496.47
2011-06-14 13:00:00,204.89
2012-10-02 20:00:00,272.07
2012-10-15 20:00:00,314.71
2012-07-07 16:00:00,327.44
2011-11-01 03:00:00,6.55
2011-07-03 08:00:00,91.82
2011-08-04 01:00:00,17.26
2012-12-12 11:00:00,168.72
2012-04-19 21:00:00,268.74
2011-06-02 20:00:00,323.78
2011-10-07 15:00:00,266.17
2011-08-19 11:00:00,171.0
2012-08-16 04:00:00,5.58
2012-10-17 21:00:00,283.2
2011-03-15 15:00:00,93.24
2011-03-15 01:00:00,9.07
2012-06-02 16:00:00,645.71
2012-10-01 18:00:00,665.76
2011-03-06 09:00:00,32.57
2012-11-19 10:00:00,151.91
2011-01-03 18:00:00,159.88
2012-05-01 10:00:00,170.75
2012-04-13 07:00:00,304.4
2012-08-01 12:00:00,283.27
2011-03-05 16:00:00,207.81
2012-02-04 11:00:00,258.2
2012-09-15 19:00:00,477.48
2012-03-13 22:00:00,184.37
2012-03-05 01:00:00,5.81
2012-08-05 13:00:00,510.35
2011-05-08 17:00:00,347.83
2012-05-15 01:00:00,16.65
2012-04-13 04:00:00,5.09
2012-03-08 10:00:00,143.55
2011-02-04 15:00:00,87.86
2011-10-02 23:00:00,37.09
2012-03-14 18:00:00,747.62
2011-06-16 22:00:00,99.8
2012-12-16 07:00:00,56.99
2011-04-05 19:00:00,162.28
2012-10-05 12:00:00,455.32
2012-06-07 07:00:00,527.04
2011-05-19 09:00:00,210.74
2011-06-02 10:00:00,135.04
2011-10-09 22:00:00,136.02
2011-11-05 18:00:00,229.65
2012-10-16 03:00:00,6.78
2012-11-09 10:00:00,199.16
2011-09-06 22:00:00,94.15
2012-02-11 15:00:00,174.96
2011-09-10 21:00:00,214.7
2012-09-14 07:00:00,449.68
2011-07-05 16:00:00,277.35
2012-03-18 15:00:00,539.73
2012-09-18 11:00:00,174.64
2012-04-03 18:00:00,776.97
2011-09-06 20:00:00,153.74
2012-11-04 08:00:00,115.14
2011-04-18 07:00:00,196.88
2012-09-04 16:00:00,443.25
2012-11-04 23:00:00,63.61
2012-12-03 18:00:00,702.76
2011-06-08 21:00:00,206.93
2012-11-12 10:00:00,295.24
2012-08-06 22:00:00,214.15
2011-12-10 06:00:00,11.97
2012-07-06 06:00:00,142.8
2012-01-08 03:00:00,30.01
2011-03-08 20:00:00,79.23
2012-10-06 17:00:00,569.85
2012-06-19 00:00:00,36.05
2012-04-06 11:00:00,276.26
2011-10-04 08:00:00,412.2
2011-10-08 13:00:00,467.68
2011-03-17 09:00:00,161.41
2012-06-12 09:00:00,304.64
2011-04-17 01:00:00,34.09
2012-06-16 11:00:00,566.13
2012-01-14 01:00:00,44.73
2011-08-04 04:00:00,6.2
2011-04-09 22:00:00,72.0
2012-10-13 00:00:00,115.16
2011-10-03 21:00:00,149.67
2012-12-15 19:00:00,254.78
2011-12-05 12:00:00,152.89
2011-02-18 00:00:00,36.24
2011-03-13 07:00:00,17.51
2011-12-02 07:00:00,216.42
2011-04-02 04:00:00,5.14
2011-07-15 10:00:00,165.94
2012-09-15 17:00:00,675.99
2012-08-02 22:00:00,258.98
2011-06-17 21:00:00,208.85
2012-06-04 04:00:00,8.47
2011-01-14 15:00:00,72.17
2012-05-03 17:00:00,722.84
2012-01-13 15:00:00,138.63
2012-05-09 03:00:00,3.07
2012-12-05 01:00:00,13.5
2012-08-04 10:00:00,401.62
2011-02-19 11:00:00,128.3
2012-10-09 17:00:00,799.78
2012-03-15 22:00:00,206.15
2012-03-07 15:00:00,208.95
2012-07-12 19:00:00,613.42
2011-03-17 19:00:00,194.63
2011-07-08 20:00:00,232.44
2012-11-04 20:00:00,144.38
2011-04-01 02:00:00,7.25
2011-07-06 11:00:00,129.09
2011-07-07 18:00:00,546.68
2012-06-12 12:00:00,89.64
2012-10-12 09:00:00,387.09
2011-11-17 12:00:00,126.67
2012-04-12 22:00:00,156.18
2012-07-10 13:00:00,271.53
2012-06-07 14:00:00,267.78
2011-10-01 10:00:00,129.47
2011-12-12 18:00:00,349.28
2011-11-04 12:00:00,200.51
2012-01-17 07:00:00,157.48
2011-07-03 03:00:00,33.58
2011-02-06 18:00:00,67.62
2012-05-10 01:00:00,19.02
2011-08-01 00:00:00,49.41
2011-10-01 15:00:00,226.84
2011-10-16 02:00:00,64.11
2012-11-07 18:00:00,484.47
2011-02-19 03:00:00,14.21
2012-06-03 16:00:00,644.83
2011-12-02 20:00:00,175.57
2011-10-14 06:00:00,83.7
2011-11-17 04:00:00,4.18
2012-03-02 12:00:00,230.37
2012-07-06 12:00:00,327.98
2011-05-13 23:00:00,61.19
2012-11-12 09:00:00,352.18
2011-10-05 06:00:00,112.14
2011-05-18 05:00:00,19.52
2011-03-16 08:00:00,247.96
2011-03-19 05:00:00,4.46
2011-06-17 18:00:00,443.66
2012-11-13 10:00:00,129.77
2011-01-15 21:00:00,43.89
2012-04-16 13:00:00,296.54
2012-06-02 08:00:00,199.01
2012-01-07 19:00:00,253.6
2011-08-05 05:00:00,20.85
2012-08-05 00:00:00,157.75
2012-05-13 17:00:00,492.78
2011-07-06 10:00:00,81.66
2011-10-01 17:00:00,213.8
2012-08-11 07:00:00,62.83
2012-12-05 12:00:00,233.7
2012-09-08 23:00:00,152.13
2012-11-14 08:00:00,675.68
2011-04-08 12:00:00,73.17
2012-09-16 01:00:00,113.38
2012-12-02 17:00:00,279.21
2011-09-19 12:00:00,187.44
2011-11-09 20:00:00,212.43
2011-02-08 11:00:00,50.37
2011-11-07 01:00:00,12.1
2012-05-17 01:00:00,25.14
2012-10-07 12:00:00,334.27
2012-10-04 00:00:00,70.31
2012-06-07 20:00:00,465.52
2011-07-01 19:00:00,330.72
2011-07-04 03:00:00,22.18
2012-12-14 21:00:00,178.69
2012-09-08 21:00:00,200.48
2012-06-09 02:00:00,68.69
2011-04-06 16:00:00,167.09
2011-10-04 03:00:00,6.53
2012-11-05 18:00:00,560.62
2012-06-09 21:00:00,308.15
2012-02-17 04:00:00,2.22
2011-10-18 15:00:00,197.62
2011-11-12 15:00:00,384.72
2011-12-02 05:00:00,22.14
2012-04-16 22:00:00,239.25
2012-10-07 04:00:00,11.25
2011-10-16 19:00:00,245.05
2011-10-08 08:00:00,111.83
2012-05-07 11:00:00,219.17
2012-10-19 11:00:00,254.7
2012-01-16 12:00:00,188.15
2012-10-10 02:00:00,7.25
2012-07-07 14:00:00,318.62
2012-06-03 06:00:00,22.81
2011-03-18 21:00:00,158.95
2011-03-18 03:00:00,4.76
2011-12-10 01:00:00,64.46
2012-02-07 16:00:00,273.74
2012-06-11 08:00:00,653.29
2011-08-14 14:00:00,331.78
2011-08-15 22:00:00,119.16
2011-12-03 08:00:00,74.84
2012-05-01 08:00:00,553.57
2011-12-06 19:00:00,182.24
2011-02-11 02:00:00,3.35
2012-09-18 13:00:00,164.24
2011-09-04 03:00:00,40.42
2012-05-11 07:00:00,365.2
2012-08-03 23:00:00,194.45
2011-02-03 13:00:00,54.6
2011-06-13 13:00:00,212.76
2012-02-14 07:00:00,269.21
2012-10-13 08:00:00,138.58
2012-07-13 11:00:00,277.17
2011-03-01 21:00:00,64.83
2011-04-03 20:00:00,81.48
2011-04-17 11:00:00,297.64
2012-01-11 14:00:00,67.34
2011-03-14 11:00:00,75.58
2011-12-10 02:00:00,58.31
2011-06-05 11:00:00,331.0
2012-02-17 11:00:00,168.58
2012-08-17 13:00:00,362.31
2012-07-14 13:00:00,549.22
2012-01-11 17:00:00,129.45
2012-11-10 12:00:00,592.89
2011-08-12 23:00:00,147.1
2012-07-02 15:00:00,246.85
2012-12-19 05:00:00,33.54
2011-11-05 16:00:00,325.2
2012-10-15 10:00:00,178.65
2012-06-14 15:00:00,303.0
2012-10-18 02:00:00,12.01
2011-09-03 22:00:00,163.53
2012-10-10 22:00:00,189.72
2011-08-08 14:00:00,159.48
2012-02-02 23:00:00,63.57
2011-05-07 20:00:00,218.07
2012-05-08 18:00:00,715.03
2011-12-18 05:00:00,5.0
2011-04-04 16:00:00,193.99
2011-07-08 03:00:00,6.16
2012-01-17 14:00:00,137.04
2011-09-07 21:00:00,67.99
2012-02-10 19:00:00,247.39
2011-04-12 10:00:00,61.62
2012-05-04 15:00:00,324.63
2012-08-19 21:00:00,171.21
2012-10-03 15:00:00,304.21
2011-07-02 03:00:00,28.95
2012-01-06 04:00:00,2.84
2011-04-04 09:00:00,162.93
2011-11-04 08:00:00,396.64
2011-12-14 10:00:00,133.68
2012-04-12 08:00:00,613.78
2012-12-02 22:00:00,109.98
2011-02-07 12:00:00,65.23
2012-12-19 17:00:00,568.38
